B0047DVWLW,2408,"Apple iPad 2 2nd generation Tablet, 1 GHz processor, 16GB, Wifi (White)",
B0083PWAPW,2300,Kindle Fire HD Tablet [Previous Generation],
B008GFRE5A,2090,"Kindle Fire HD 8.9"" Tablet",
B0083Q04IQ,2056,Kindle Fire Tablet [Previous Generation],
B00BWYRF7E,1870,"Kindle Fire HDX 7"" Tablet",
B00CYQQMCS,1652,"Kindle Fire HDX 7"" Tablet",
B001I907I2,1590,"Apple iPad 2 MC770LL/A Tablet (32GB, Wifi, Black) 2nd Generation",
B0047DVXR0,1540,"Apple iPad 2 MC763LL/A Tablet (32GB, Wifi + Verizon 3G, black) 2nd Generation",
B00BHJS3C0,1450,"Kindle Fire HDX 8.9"" Tablet",
B00BWYQ9YE,1299,"Kindle Fire HDX 7"" Tablet",
B00DCE8JFY,1290,"7"" Zeepad 7.0 Allwinnwer A13 Boxchip Cortex A8 Android 4.2, 4GB Capacity, 512 MB RAM, Multiple Touch Capactive screen, WIFI, Camera, Skype Video Calling, Netflix Movies. (7'' Dual Camera, Cobalt Blue)",
B007M50PTM,1281,"Samsung Galaxy Tab 2 (10.1-Inch, Wi-Fi)",
B00D02AGU4,1180,"Samsung Galaxy Tab 3 (7-Inch, White) 2013 Model",
B00746W9F2,1020,"Apple iPad mini MD531LL/A (16GB, Wi-Fi, White / Silver)",
B009X3UW2G,926,"ASUS Google Nexus 7 Tablet (7-Inch, 32GB) 2012 Model",
B00DB3SH2G,826,ASUS Google Nexus 7 Android Tablet,
B0047DVWZS,820,"Apple iPad 2 MC916LL/A Tablet (64GB, Wifi, Black) 2nd Generation",
B0096V634Q,810,"Apple iPad mini ME217LL/A (64GB, Wi-Fi + Sprint 4G, Black)",
B0047DVW7Q,795,"Apple iPad 2 MC755LL/A Tablet (16GB, Wifi + Verizon 3G, Black) 2nd Generation",
B00CB1HS8S,790,"Zeepad 7'' Allwinnwer A13 Boxchip Cortex A8 Android 4.0, 4gb Capacity, 512 Mb Ram, Multiple Touch Capactive Screen, Wifi, Skype Video Calling, Netflix Movies with DUAL CAMERA (Pink)",
B0096V3D8K,788,"Apple iPad mini MD542LL/A (64GB, Wi-Fi + Verizon 4G, Black)",
B007M506WS,773,"Samsung Galaxy Note 10.1 (32GB, Deep Grey)",
B0052P6DQI,750,Toshiba Thrive 10.1-Inch 16 GB Android Tablet AT105-T1016,
B008DWG5HE,720,"Samsung Galaxy Note 10.1 (16GB, Deep Grey)",
B00E0FDYU4,715,"ASUS Memo Pad HD 7-Inch 16 GB Tablet, Pink (ME173X-A1-PK)",
B004UL34VW,694,Blackberry Playbook 7-Inch Tablet (32GB),
B002C7481G,680,"Apple iPad (first generation) MB292LL/A Tablet (16GB, Wifi)",
B00746VDEU,638,"Apple iPad MD370LL/A (32GB, Wi-Fi + AT&T 4G, White) 3rd Generation",
B00365F6LE,610,"Apple iPad (First Generation) MC497LL/A Tablet (64GB, Wifi + 3G)",
B00B7MTEK2,606,"Apple iPad with Retina Display ME410LL/A (128GB, Wi-Fi + Sprint, Black) 4th Generation",
B00E0EY7Z6,604,"ASUS MeMOPad HD 7-Inch 16 GB Tablet, Blue (ME173X-A1-BL)",
B00D029NNA,600,"Samsung Galaxy Tab 3 (10.1-Inch, White) 2013 Model",
B00CYQPMJC,590,"Kindle Fire HDX 7"" Tablet",
B007P4YAPK,584,ASUS Transformer TF300 T-B1-BL 10.1-Inch 32 GB Tablet (Blue),
B0067XX3AI,490,"Le Pan II 9.7"" 8 GB Tablet with Android 4.0.4 Ice Cream Sandwich",
B00D02AHEO,477,"Samsung Galaxy Tab 3 (8-Inch, White) 2013 Model",
B00DXFDHV8,457,ASUS MeMO Pad FHD 10 ME302C-A1-BL 10.1-Inch 16GB Tablet (Blue),
B008F4NL0O,430,ASUS TF700T-B1-CG 10.1-Inch Tablet (Champagne),
B0067PLOW0,429,ASUS Transformer Prime TF201-C1-CG 10.1-Inch 64GB Tablet (Champagne),
B00DEZ5DRS,417,"Samsung Galaxy Tab 3 (8-Inch, Gold-Brown)",
B00G4G16G6,406,"Apple iPad Air MF532LL/A (32GB, Wi-Fi + Verizon, White with Silver) NEWEST VERSION",
B00G2Y5YIG,394,"Apple iPad Air MD789LL/A (32 GB, Wi-Fi, White with Silver)",
B00BQH8UEY,390,"Samsung Galaxy Note 8.0 (16GB, White) 2013 Model",
B00F3SOHPI,384,"Samsung Galaxy Note 10.1 2014 Edition (32GB, White)",
B00G2YB4I0,380,"Apple iPad Air ME991LL/A (16GB, Wi-Fi + AT&T, Black with Space Gray) NEWEST VERSION",
B00BDS25VA,360,ASUS MeMO Pad ME172V-A1-GR 7.0-Inch 16 GB Tablet ( Grey ),
B00ACVI202,353,"Google Nexus 10 (Wi-Fi only, 32 GB)",
B00G4G7TVC,346,"Apple iPad Air MF539LL/A (64GB, Wi-Fi + T-Mobile, White with Silver) NEWEST VERSION",
B00G2YFLXO,295,"Apple iPad Air MF012LL/A (64GB, Wi-Fi + AT&T, White with Silver) NEWEST VERSION",
B00BR3XMK4,290,ASUS MeMO Pad ME172V-A1-WH 7-Inch 16 GB Tablet (White),
B00G3Q4FSI,280,"Dragon Touch® 7'' Green Dual Core Y88 Google Android 4.1 Tablet PC, Dual Camera, HD 1024x600, Google Play Pre-load, HDMI [By TabletExpress] (Red)",
B00GV0KAK8,280,"Dragon Touch® 7'' Green Dual Core Y88 Google Android 4.1 Tablet PC, Dual Camera, HD 1024x600, Google Play Pre-load, HDMI [By TabletExpress]",
B00J1W0NYG,267,"Alldaymall® 7 Inch Android 4.2 Tablet PC MID with Capacitive Touchscreen (Dual Core CPU, 1.5GHz, Wi-Fi, Dual Camera) Black",
B00CP4J7OY,262,LeapFrog LeapPad2 Power Learning Tablet,
B00G2Y4WNY,260,"Apple iPad Air MD788LL/A (16GB, Wi-Fi, White with Silver) NEWEST VERSION",
B009SD74H2,250,Dragon Touch® 9'' Google Android 4.2 Jelly Bean 8GB MID Capacitive Touch Screen G-sensor Dual Camera A13 Tablet MID948B [By TabletExpress],
B00F2PFDLO,246,"NORIA T2 7"" Android JellyBean Tablet PC - Multi Touch. 8GB Flash Local Memory. HDMI Port (Bonus HDMI Cable Included). Dual Core CPU. Integrated Dual Camera 2MP - Black - September 2013.",
B004CFF6ZI,231,Velocity Micro T301 Cruz 7-Inch Android 2.0 Tablet (Black),
B00887IF0Y,215,Kurio Kids Tablet with Android 4.0 - 7-Inch 4 GB,
B008HSO41I,206,"10"" GOOGLE ANDROID 4.0 TABLET 4GB FLYTOUCH 10.1 VC882 EPAD LAPTOP WIFI CAMERA HDMI Support External 3G, Flash 10.1 Cortex A8,WIFI, HDMI, Skype Video Calling &Netflix Movies",
B003COZM2C,199,Archos 7 8GB Home Tablet with Android (Black),
B00ET9L9U8,195,"Matricom® G-Tab Quantum 10 Android 4.2 HD+ IPS Quad Core Tablet PC (10.1-Inch IPS, WiFi, Bluetooth)",
B0093NZNAM,188,"TURCOM 7"" Capacitive A10 Tablet PC 4.0 Android WiFi 3G MID Allwinner (4GB Black)",
B0093XTHKE,171,Coby Kyros 7-Inch Android 4.0 4 GB Internet Tablet 16,"9 Capacitive Multi-Touch Widescreen, Black MID7036-4"
B0047Q9GT4,170,Coby Kyros MID7015-4G 7-Inch Android  Internet Touchscreen Tablet - Black,
B00ED56QQU,170,"ZEEPAD LATEST VERSION 7"" Android Tablet 4.2 Jellybean Capacitive Touch Screen A20 1GB RAM 8GB Hard Drive Dual Core with Dual Cam (7'' Dual Camera Dual-Core (A20), Bubblegum Pink)",
B005N130Y4,160,"Samsung Galaxy Tab 7.0 Plus 16GB (Dual Core, Universal Remote, WiFi)",
B0075W8D7I,160,Coby Kyros 7-Inch Android 4.0 4 GB 16,"9 Capacitive Multi-Touchscreen Widescreen Internet Tablet with Built-In Camera, Black MID7042-4"
B00AA6OVAO,154,ASUS VivoTab Smart ME400 ME400C-C1-WH 10.1-Inch 64GB Tablet (White),
B004U9USEA,151,"Samsung Galaxy Tab (7-inch, 16GB, Wi-Fi)",
B009GJYLYC,148,"Turcom 9"" 8GB ANDROID 4.0 RK 2906 1.2GHZ /GPU MALI-400 CPU WITH 3D ACCELERATOR, DUAL CAMERA AND HDMI PORT",
B00GTCFFDA,139,Sony Xperia Z SGP312U1/W 10.1-Inch 32GB Tablet White,
B00CS1WDBI,134,LeapFrog LeapPad Ultra Kids' Learning Tablet,
B00DHO2YK0,130,"7"" .TAB Nero x2 Dual Core Android 4.1 Multi-Touch Tablet PC (Black)",
B00JQAFO92,130,"Samsung Galaxy Note Pro 12.2 Keyboard Bundle (32GB, Black)",
B0083PR7N2,124,Acer ICONIA Tab A700-10k32u 10.1-Inch Tablet (Black),
B009AEPJ8U,120,Lenovo IdeaTab K3 Lynx 11.6-Inch 64 GB Tablet,
B00BJ8I7P2,120,ASUS ME301T-A1-WH 10.1-Inch 16GB Tablet (White),
B004HKIIF8,119,ASUS Eee Slate EP121-1A011M 12.1-Inch Tablet PC,
B00BF9MU62,114,Digital2 7-Inch Tablet (Pink),
B008PNWS9U,110,Visual Land Prestige 10-Inch Tablet with 16GB Memory (Pink),
B00HWMPRKM,110,Samsung Galaxy Tab Pro 8.4-Inch Tablet (Black),
B00FG7MVJU,109,Microsoft - Surface Pro 2 with 128GB - Dark Titanium,
B004DJQXDW,107,Creative ZiiO 16 GB 7-Inch Android 2.2 Wireless Entertainment Tablet (White),
B00HWMPSF6,93,Samsung Galaxy Tab Pro 10.1 Tablet (White),
B00GX05NDU,91,"NeuTab N7 7'' Dual Core Google Android 4.1 Jelly Bean Tablet PC, 1024X600 HD, Dual Camera, Google Play Pre-loaded, 3D-Game Supported",
B00BCPIFX6,90,ASUS MeMo Pad Smart ME301T-A1-PK 10.1-Inch 16GB Tablet (Pink),
B0042RRTOC,89,"Archos 43 4.3"" Touchscreen Internet Surfing Device - Cortex A8 1 GHz (501578)",
B0045I8E42,85,Velocity Micro T103 Cruz 7-Inch Android 2.0 Tablet (Black),
B00FJDUPX0,85,ASUS MeMO Pad 8 16GB Tablet (ME180A-A1-WH) White,
B00F1DB7X0,83,"Simbans (TM) S72B 7 Inch Android Tablet PC - NEW MODEL Dual Camera, Android 4.1 Jelly Bean A13 1.2Ghtz, Touch Screen, WiFi, YouTube, Skype, Games - BLACK",
B004QZASJ8,80,Dell Streak 7 Wi-Fi Tablet,
B006XGCQ2U,74,Acer Iconia A200-10g16u 10.1-Inch Screen Tablet - Titanium Gray,
B008OO41P4,74,"AGPtek® 7"" TFT Android 4.0 Capacitive Touch Screen Tablet PC (Wi-Fi Cortex A9 1.2Ghz CPU, 512M DDR3, Built-in 4GB Storage, Extend To 32GB T-Flash)",
B00480P67K,73,Samsung Galaxy Tab (T-Mobile),
B0082PRPIA,71,Lenovo IdeaTab A2109 9-Inch 16 GB Tablet,
B003NG0BKM,70,Thought Out Stabile 2.0 iPad Stand - Silver,
B00DP3KOOG,70,Microsoft Surface RT 64GB,
B00F96JG78,70,"Goldengulf 9"" inch DUAL CORE dual camera Newest MID Google Android 4.2 Tablet PC Capacitive Allwinner A23 8GB/512M RAM Flash 11.1,Registered in Washington",
B00CSKL5JA,67,Visual Land Prestige 7L - 7inch Tablet with 8GB Memory (Royal Blue),
B00DKFF386,64,Acer Iconia B1-710-L401 7.0-inch 8GB Tablet (Pure White),
B00GQDBS7O,64,"Apple iPad mini with Retina Display (16GB, Wi-Fi, Silver) NEWEST VERSION",
B00AOYX2DO,63,"Simbans (TM) S71B 7 Inch Android Tablet PC - 4GB, A13 1.2Ghtz, Touch Screen, WiFi, Camera, YouTube, Skype, Games - BLACK",
B007XVYOM4,62,VTech InnoTab 2 Learning App Tablet - Pink,
B00F4PRKDG,62,"Tagital® 9"" Android 4.2 A23 Dual Core Tablet PC Dual Camera Bundled with Keyboard",
B00BLLX9CI,60,Samsung Galaxy Note 8.0 GT-N5100 16GB 3G + WIFI table/phone international version/warranty - White,
B00CSKL4AU,60,Visual Land Prestige 7L - 7-Inch Tablet with 8GB Memory (Orange),
B00BMJJ73O,58,Ematic EGS004-BU 7.0-Inch 4GB Genesis Prime MultiTouch Tablet (Blue),
B005OUQ9WO,53,"Samsung Series 7 XE700T1A-A03US 11.6-Inch Slate (128 GB, Win 7 HP) - Dock and Keyboard Included",
B009HPGO7M,53,Acer Iconia Tab A210-10g16u 10.1-Inch 16GB Tablet (Gray),
B00BIFX5JE,53,Razer Edge Pro 256GB Tablet,
1400501520,50,"NOOK HD 7"" 16GB Tablet",
B009AIBW1E,50,"TURCOM NEW ""1GB DDR3 RAM"" ZENITHINK 10-inch_8GB_C93 UPGRADED_Android 4.0.3_Capacitive Tablet_w/ WebCam and Dual Core Cortex A9 Processor",
B00HWMPTLE,50,"Samsung Galaxy Note Pro 12.2 (32GB, White)",
B00J39HGHY,50,ASUS Tablet TF701T-B1-BUNDLE 10.1-Inch 32 GB Tablet (Grey),
B00GRACUXM,49,"Apple iPad Mini MF432LL/A (16GB, Wi-Fi, Space Gray )",
B008PNWS3G,47,Visual Land Prestige 7L - 7-Inch Tablet with 8GB Memory (Black),
B007M561UO,46,Visual Land Prestige 7-Inch Tablet with 8GB Memory (White),
B009L7YN92,46,"Zeepad9XN 9"" Multi-Touch Capacitive Touch Screen Tablet - 4GB",
B00AGKIFGU,46,Ematic FunTab 4GB 7 Multi-Touch Screen Kids Tablet with Android 4.0 (Pink and Purple),
B0053RJ3F8,44,"HTC Flyer 7"" Android Tablet, 16 GB",
B005IQGUD2,44,Coby Kyros 7-Inch Android 2.3 4 GB Internet Tablet with Capacitive Touchscreen - MID7127-4G (Black),
B00HWHQKWG,43,ASUS Vivo Tab Note M80TA-C1-BK 8-Inch 64 GB Tablet (Black),
B004EWEZM4,41,Dell Inspiron Mini Duo 3487FNT Convertible Laptop/Tablet (Foggy Night),
B004ALMF6C,40,ViewSonic ViewPad 7 7-Inch Android 2.2 Tablet - Black (Wifi & Unlocked 3G),
B00BMJCQ96,40,Ematic FTABMB2 4.3-Inch 4GB Fun Tab Mini Touch Screen Kids Tablet (Blue/Green),
B00BMJCQP0,40,Ematic FTABMP2 4.3-Inch 4GB Fun Tab Mini Touch Screen Kids Tablet (Pink/Purple),
B00FZHWR68,40,Pyle Astro PTBL92BC Android 9-Inch Bluetooth Digital Touch-Screen 3D Graphics Wi-Fi Tablet,
B00GSPW2QG,40,HP Omni O10-5600US 10.1-Inch 32 GB Tablet (Graphite),
B007OXJG7O,39,"Polaroid 7"" 4GB Internet Tablet with Android 4.0 Ice Cream Sandwich OS, Cortex A8 1GHz Processor, 512MB RAM, 4GB Internal Storage",
B00465QM6Q,38,"HP Slate 500 8.9"" Black",
B00CUM9CNW,35,"Nabi JR 5"" Children's 16GB Tablet - Nickelodeon Edition",
B008DS1M58,34,VTech InnoTab 2S Wi-Fi Learning App Tablet,
B0056BRXWQ,30,Latte ICE Smart 8 GB Smart Media Tablet,
B005LG9A54,30,Viewsonic V7E_1WNA1US7_01 ViewPad 7e 7-Inch Android 2.3 Gingerbread Tablet - White,
B0075W8E9A,30,Coby Kyros 10.1-Inch Android 4.0 8 GB 16,"10 Capacitive Multi-Touchscreen Widescreen Internet Tablet with Built-In Camera, Black MID1045-8"
B009OY2FSI,30,"Agptek 7 Inch Android 4.0 (8Gb) Capacitive Touch Screen Tablet Pc For E-Reading/3D Game/Hdmi 1080P 2160P Video/Tv Out (Black/White, Wi-Fi G-Sensor, Front Camera, Arm Cortex A9 1.2Ghz, 1Gb Ddr3, Extendable To 32Gb)",
B009T0FIWW,30,Le Pan S-WH 9.7-Inch Tablet (2 Year),
B00BH8U0LI,30,Ematic EGS004-GR 7.0-Inch 4GB Genesis Prime MultiTouch Tablet (Gray),
B00BMJJ91O,30,Ematic EGS004-PR 7.0-Inch 4GB Genesis Prime MultiTouch Tablet (Purple),
B00BUUCNE0,30,Visual Land Connect 9-Inch Tablet with 8GB Memory (Pink),
B00DP4FN3W,30,"7 Inch FastTouch(TM) A13 GOOGLE Android 4.1 AllWinner Tablet PC, Boxchip Cortex A8 1.2Ghz MID Capacitive Touch Screen G-Sensor WiFi, Camera, Skype Video Calling, Netflix Movies, 4GB BLUE",
B00E87YPNE,30,"Digital Reins 9"" Inch Tablet PC - Google Android 4.2 WiFi 8GB 512DDR3 Dual Camera & Dual Core - A23 Processor - Supports Skype Video Chatting, YouTube, Google Play",
B00GMUTQWK,30,"Nokia Lumia 2520 4G LTE Tablet, Black 10.1-Inch 32GB (AT&T;)",
B00JKCH552,30,"Samsung Galaxy Tab 4 (10.1-Inch, White)",
B00GMDCCRS,29,"ProntoTec 7"" Android 4.2 Tablet PC, Cortex A8 1.2 Ghz Dual Core Processor,512MB / 4GB,Dual Camera,HDMI,G-Sensor (White)",
B009PIQFHA,28,"MID_M729 7"" Android 4.0 4 GB Cortex A8 1.2Ghz 3G Wifi 1.3MP Front Camera HDMI 512MB RAM 16",9 Capacitive Multi-Touchscreen Internet Tablet (White)
B00H79JANA,28,"ProntoTec 9 Inch HD Android Tablet PC, Cortex A9 Dual Core 1.2 Ghz, HD (1024 x 600 Pixel) Touch Screen, Android 4.2 OS, 8G Nand Flash, DDR3 1GB RAM, Dual Cameras, Wi-Fi, G-Sensor (White)",
B00GM7Z8F2,27,"ProntoTec 7"" Android 4.2 Tablet PC, Cortex A8 1.2 Ghz Dual Core Processor,512MB / 4GB,Dual Camera,HDMI,G-Sensor (Black)",
B002GCR04Y,26,"Asus Eee PC T91 8.9-Inch Intel Atom Netbook Tablet Computer (Black), Windows XP, T91SA-VU1X-BK",
B0075W8Y1S,25,Coby Kyros 8-Inch Android 4.0 4 GB 4,"3 Capacitive Multi-Touchscreen Internet Tablet with Built-In Camera, Black MID8042-4"
B008DS1M44,23,VTech InnoTab 2S Wi-Fi Learning App Tablet,
B00HL3P9EG,23,LG G Pad 8.3 Tablet Quad-core 2gb RAM 16gb Flash 8.3 Full Hd Display White,
B00IAA2EY2,23,ASUS MeMO Pad 10 ME102A-A1-PK 10.1-Inch 16 GB Tablet (Cherry Pink),
B00A8D4FLE,22,"Kocaso M752 7"" Android 4.0 All Winner A13 Cortex A8 1.2GHz 4GB 512MB Dual Camera Capacitive Multi-Touch Tablet PC (Black)",
B00ADZP9JE,22,"Afunta(tm) White 4gb 7"" Android 4.0 Touch Capacitive Screen 1.2ghz 512mb Ram, 4gb Hard Drive Tablet Pc Wifi 3g Camera Wifi, Camera, Skype Video Calling, Netflix Movies",
B004FGTGBY,21,Android 2.1 Tablet PC X220 flytouch2 with GPS and Webcam,
B00EXTXNZI,21,Tagital® 7 Inch Dual Core Tablet PC Android 4.2 Allwinner A20 1.2Ghz Dual Camera Bundle Keyboard,
B00FAZ1Z4U,21,Tabeo E2 8 Inch Kids Tablet - Pink,
B003N2OVN4,20,IdeaPad 065185U Net-tablet PC,
B006CF8B4O,20,Sylvania SYTAB10ST 10-Inch Tablet (Black),
B0079UWSCW,20,Visual Land Prestige 7-Inch Tablet with 8GB Memory (Black),
B009HNFJHU,20,Samsung Galaxy Tab 2 10.1 16GB Titanium Silver,
B00ADZM0F0,20,"AFUNTA Allwinnwer A13 Boxchip Cortex A8 Android 4.0, 4gb Capacity, 512 Mb Ram, Multiple Touch Capactive Screen, Wifi, Camera, Skype Video Calling, Netflix Movies (red)",
B00IFFQZZ6,20,"Axis A23 7"" Dual Core, Dual Camera, 1024*600 Capacitive Screen Android 4.2 Tablet Pc (Black)",
B00JKCH4V2,20,"Samsung Galaxy Tab 4 (8-Inch, White)",
B004I1J7Z6,19,ASUS Eee PC T101MT-EU27-BK 10.1-Inch Convertible Tablet (Black),
B007CVTQJG,19,Sound Logic Android 2.3 7-Inch 2-in-1 Swivel Netbook and Tablet-in-one (72-5577),
B00HWMPRKC,19,"Samsung Galaxy Tab Pro 12.2 (32GB, Black)",
B00AVD4PQQ,18,"Klu 7-Inch Android Tablet, Capacitive Touch Screen, 1.2 GHz Processor with Built In Camera",
B00BKSYGBA,18,"Fuhu NABIXD-NV10A XD nabi 10.1"" Android 4.1 Tablet Computer, NVIDIA Tegra 3 Processor 1.3 GHz, 1GB RAM, 16GB Storage",
B00GMDAAE0,18,"ProntoTec 7"" Android 4.2 Tablet PC, Cortex A8 1.2 Ghz Dual Core Processor,512MB / 4GB,Dual Camera,HDMI,G-Sensor (Pink)",
B00K0OBEE2,18,Orbo Jr. 4GB Android 4.1 Five Point Multi Touch Tablet PC - Kids Edition [March 2014] - Pink,
B00K0S2J1A,18,Orbo Jr. 4GB Android 4.1 Five Point Multi Touch Tablet PC - Kids Edition [March 2014] - Blue,
B005OUQADC,17,Samsung Series 7 XE700T1A-A05US (11.6-Inch Screen) Laptop,
B004WF63BO,16,T-Mobile G-Slate 4G Android Tablet (T-Mobile),
B008PQ618Q,16,Craig Electronics CMP741 7-Inch Tablet,
B00FFVYSNY,16,Dell Venue Pro11i-8182BLK 10.8-Inch Tablet (Black),
B00FM8FIYS,16,"WolVol (Pink) Kids Tablet 7 inch touch screen Android 4.1 with WIFI, Front & Back Camera (Children Special Edition)",
B00G1YJ5B4,16,Acer Iconia W4-820-2894 8-Inch 32 GB Windows Tablet (Smokey Gray),
B008R0PCGM,15,"Zeki 10.1"" Capacitive Multi-touch Tablet TB1082B",
B00BH8U284,15,Ematic EGS102BL 10.0-Inch 4GB Genesis Prime XL Multi-Touch Tablet (Black),
B00IXZVKWQ,15,Shamo's New 10.1 Inch Google Android 4.2 Jeally Bean Tablet Pc 8gb ROM Quad Core 10 Inch 1gb RAM Hdmi Two Cameras Quad Core Supports Micro Sd Memory Card,
B007SPUSIE,14,Sony P SGPT211US/S 5.5-Inch Tablet,
B00FAZ2GWK,14,Tabeo E2 8 Inch Kids Tablet - Blue,
B00GCSKYP0,14,"9"" Inch 8GB Android 4.0.4 tablet pc, All Winner Cortex A13, 1.5GHz Dual Camera WiFi (PINK)",
B006K3POUW,13,Panimage Media Tablet Powered By Android,
B00BB9P1KI,13,Supersonic Android 4.1 SV-9 9-Inch Tablet,
B004KSNQ3Q,12,"Dell Inspiron Duo Convertible Tablet with Intel Dual Core 1.5GHz, 10.1"" Multi-touch Screen with WebCam, 2GB DDR3 Memory, 320GB Hard Drive, Windows 7 Home Premium",
B005V5TPXC,12,Tursion 10 Inch Android 2.3 Tablet PC WIFI & 3G 8 GB STORAGE Cortex A9 Processor,
B008EPGWCI,12,Craig Electronics 7-Inch Capacitance Tablet (Android 4.0) with Front Facing Camera CMP741e,
B0071CUQ4A,11,"Velocity Micro Cruz T301 7"" Android 2.2 Tablet",
B00AC788TG,11,"Motorola Droid XYBoard 10.1"" 16 GB Tablet MZ617-16 / Black - Non-Retail Packaging",
B00CGVHYA0,11,Goldengulf 9-Inch Dual Camera Latest MID Google Android 4.0 Tablet Pc Capacitive Allwinner A13 8GB,
B00F002PWG,11,"TURCOM NEW ""1GB DDR3 RAM"" 8-inch 8GB UPGRADED Android 4.1 Capacitive Tablet_w/ Dual Camera and QUAD Core Cortex A9 Processor (Pink)",
B00FNPD1W6,11,Acer Iconia A3-A10-L662 10.1-Inch Tablet,
B001874JXS,10,"HP Pavilion TX1000Z 12.1"" Touchscreen Tablet Computer (2.0 GHz AMD Turion 64 Dual Core TL-60, 4 GB RAM, 160 GB Hard Drive, DVD+/-RW Drive, Windows Vista Home Premium)",
B004P0WLEY,10,Acer ICONIA-6120 14 inch Tablet PC,
B004ULKSXO,10,ViewBook VB730 7-Inch Android 2.2 Wi-Fi/BT Tablet - Black,
B005SSZ6TO,10,"Coby 7"" Inch Kyros Touchscreen Internet Tablet 4G Android OS 2.3 Dark Blue - Coby MID7120-4G (Exclusive Color)",
B0062W95R4,10,Dell STREAK7-16GRAY 7-Inch Unlocked Tablet with Android 3.0 Honeycomb GSM Sim Ready - Gray,
B006LFVROQ,10,AFUNTA Android Tablet with 7 Inch Touchscreen (Android 4.0),
B006ZE7APS,10,"Turcom 10.2"" Google Android 2.3 Tablet PC 8GB 512 MB RAM",
B006ZU59SM,10,Motorola Xoom 32GB MZ600 Android - Verizon,
B007NSOS96,10,"CINEPAD AT107F 7"" 4 GB Tablet - Wi-Fi - Boxchip Cortex-A8 A10 1 GHz - Black",
B007TCEQ6G,10,SVP 7in Android 4.0 4GB 512MB RAM Tablet PC,
B008BPI378,10,Archos 97 Carbon 9.7-Inch 16 GB Tablet (Bronze),
B008FCCV0M,10,"Double Power M-975 with WiFi - 9.0"" CapacitiveTouchscreen Tablet PC Featuring Android 4.0 with Google Play",
B008GG4HSQ,10,"Samsung Galaxy Tab SCH-I905 32GB, Wi-Fi + 4G (Verizon), 10.1in - Metallic Gray w/chargers",
B008VT4GOI,10,"Samsung GALAXY Tab 2 8GB 7"" Touchscreen Android Tablet - Silver - REFURBISHED",
B0096YYEWQ,10,Kocaso MID-M9000 9-Inch Tablet (White),
B009GJOK16,10,"MOTOROLA XOOM Android Tablet 10.1-Inch, 32GB, Wi-Fi - Factory Refurbished",
B009P7JIZ2,10,Acer Iconia W510-1666 10.1-Inch 64 GB Tablet (Silver),
B009US2FGK,10,"Acer Iconia W510P-1406 10.1-Inch 64 GB Tablet with Keyboard Dock (Silver, Windows 8 Pro)",
B00A66YHRK,10,"TBS® 7"" inch Google Android 4.0.3 Touch Screen Tablet PC with 1.2GHz, 512MB DDR3, 8GB built-in Capacity and 32G Expandable Micro SD Card Compatible with Youtube /Facebook /SKYPE (White)",
B00AR4HJBM,10,Polaroid 4.3-inch Android 4.0 4gb Internet Tablet with Camera,
B00BMJJASG,10,Ematic EGS102GR 10.0-Inch 4GB Genesis Prime XL Multi-Touch Tablet (Gray),
B00BT8V286,10,Ematic FunTab FTABCP-2 7.0-Inch 4GB Tablet (Pink),
B00C977SL6,10,"Afunta(tm) 9.2'' Google Android 4.0 512mb/8gb Tablet Dual Camera Capacitive Multiple Touch Screen G-sensor A13 Tablet, 3d Games Skype Video Calling, Netflix Movies (Dual Camera, White)",
B00CHUCG1W,10,Google Nexus 7 Tablet (16 Gb),
B00CRXZPAS,10,Lenovo IdeaPad Miix 10.1-Inch 64GB Tablet (Silver),
B00DBJCI34,10,"SVP® 10"" Android 4.1 Capacitive Touchscreen Tablet (Features Google Play Store, Skype, YouTube, Netflix, Camera, Wifi, and G-Sensor!",
B00DOJIZF6,10,Double Power GS-918 Dual Core Google Certified 9-Inch Android Tablet,
B00DQ623TQ,10,Tivax MiTraveler 7D8C 7-Inch 8 GB Tablet (Black),
B00DU8P7GG,10,"AGPtek® 7 inch Android 4.2 Jelly Bean Cortex A7 1.5GHz Quad Core 1GB DDR3 RAM 1024*600 HD Touch Screen G-sensor Wifi Tablet PC Mini Pad, Built in 4GB Storage, Google Play Pre-Installed, 1080P HDMI Output, OTG Function, Compatible With Skype Video Calling, Youtube, eBook Reader",
B00E70IN9E,10,"Hisense Sero 7 Lite Tablet with 4GB Memory 7"" | E270Bsa",
B00EB8JSYQ,10,AFUNTA AF704 7-Inch Kid Tablet PC Android 4.2 MID 4GB HDD Dual Camera Dual Core CPU Wifi External 3G for Children Christmas/Birthday Gift (Pink),
B00EN8UN4S,10,Le Pan 8GB 8-Inch Quad Core Android 4.2 Tablet (Silver),
B00ENRPNPI,10,"SVP® 9 inch Tablet , Android 4.0, Dual Camera,8GB Internal Memory,Google Play Store, Capacitive Touchscreen",
B00F0XGU60,10,"TURCOM NEW ""1GB DDR3 RAM"" 8-inch 8GB UPGRADED Android 4.1 Capacitive Tablet_w/ Dual Camera and QUAD Core Cortex A9 Processor",
B00FJDVSTA,10,"Nexus 7 from Google LTE Version (7-Inch, 32 GB, Black, LTE) by ASUS (2013) Tablet",
B00FQT4QKU,10,HISENSE Sero 7 Pro 7 Inch 8GB Tablet - A,
B00G1YKHHA,10,Toshiba Encore WT8-A32 8-Inch 32 GB Tablet,
B00GCSKYQE,10,"9""Inch 8GB Android tablet pc, COLORS, All Winner Cortex A13, 1.5GHz Dual Camera WiFi (WHITE)",
B00GJ3MF9Q,10,"Verizon Ellipsis 7 4G LTE Tablet, Black 7-Inch 8GB (Verizon Wireless)",
B00GKKI37G,10,Visual Land Prestige 7G 8GB with Google Play- Pink,
B00GKKI3DK,10,Visual Land Prestige 7G 8GB with Google Play- Blue,
B00GZFFZKY,10,"RCA RCT6378W2 7-Inch Tablet (Dual core processor, 8GB in-built memory, Android 4.2 Jelly Bean)",
B00GZVE76G,10,"HP 7 1800 7-Inch, 8 GB Tablet, Expandable to 32 GB (White)",
B00HWI3T1U,10,Toshiba Excite 7c AT7-B8 7-Inch 8 GB Tablet,
B00IGLBER8,10,"New Original Microsoft Surface 32GB Tablet - Windows RT 8, 10.6"" HD LCD Touchscreen, Front and Rear Camera Office 2013 RT Included",
B00JKCH4X0,10,"Samsung Galaxy Tab 4 (10.1-Inch, Black)",
B00KAJ9444,10,PPTab® 7 Inch Android 4.2 PC Tablet - 512MB DDR RAM A20 - Best Touch Screen - HDMI Output 1080P - Micro USB Port - Great for Kids & Cheap - Front & Back Camera - Wifi for Internet - DualCore A7 1GHZ - Google Play Installed,
B001LXTQDW,9,HP TouchSmart tx2z Customizable Notebook PC,
B005MED88K,9,Archos 101 G9 8GB - Classic,
B00BXA8E7W,9,"AFUNTA 9.2'' Google Android 4.0 512mb/8gb Tablet Camera Capacitive Multiple Touch Screen G-sensor A13 Tablet, 3d Games Skype Video Calling, Netflix Movies, Dual Camera (black)",
B00CMAPHSQ,9,"2014 Newest 9"" inch 3G sim card phone call tablet/Google android 4.0 Touch Screen Capacitive Mid,Dual Camera GPS WIFI Bluetooth, G Sensor Flash 11",
B00DTIIFSY,9,"WolVol NEWEST MODEL (16 GB Android 4.2 - 1 GB RAM) Dual Core Processor, Dual Cameras, 7 inch Tablet with WIFI Capacitive Touch Screen (Accessories included) - BLACK",
B00GOKTKVA,9,"New TravelTek 7"" Inch Tablet Android Google 4.2.2 Jelly Bean 4GB DDRIII External 3G Port MicroSD Flash USB Port 1GHz",
B00GRWRUKI,9,"ZTO Tablet PC - Multi-Touch Screen, Android 4.2 Jelly Bean Bluetooth, 1.8GHz quad-core Rockchip RK3188, 2GB RAM, 2048*1536, 4","3 high pixel density 320 dpi, HDMI, Wifi"
B004U5YNOA,8,"Coby Kyros 10.1-Inch Android 2.2 4 GB Internet Touchscreen Tablet, Black MID1024-4G",
B0096R2880,8,"ELSSE 8"" 5-point capacitive screen TABLET PC ANDROID 4.0 - 512MB 8GB Camera WIFI 30162",
B009YIYT3S,8,ASUS Transformer Pad TF300T-A1-RD 16GB Tablet RED,
B00AWASBJA,8,Lenovo Ideatab A2107 3G 7-Inch 16 GB Tablet (Black),
B00B0C8UOU,8,Archos 502352 97 Titanium HD Multi-Touch Screen Android Tablet,
B00BWGQJR4,8,AFUNTA 7-Inch Allwinner A13 Q88+ Dual Camera Tablet Pc Android 4.0 1.2GHz CPU Multiple Touch Capactive Screen 512MB RAM 4GB HDD Wifi (White),
B00D02AASC,8,Acer NT.L1CAA.002;A1-810-L888 7.9-Inch 16GB Tablet,
B00D86LVGK,8,"TBS®2700 Hamlet 7"" inch Google Android Tablet PC, Quad Core Cortex A9 Processor, Quad Core GPU,1GB RAM, 16GB Internal Storage, 1280x800 HD Display IPS screen, Wifi, Dual Camera, for Netflix and Games, HDMI Output to TV(Black)",
B00GGAGQT2,8,Digital2 Deluxe 4GB Tablet,
B00HJXWJ8C,8,"ClickN Kids Tablet with 8GB Memory 7"" Featuring Looney Tunes Phonics | P774A",
B00IFFEN96,8,"Axis A23 7"" Dual Core, Dual Camera, 1024*600 Capacitive Screen Android 4.2 Tablet Pc (Pink)",
B00ITCEHAA,8,"10.1"" Android KITKAT 4.4.2 [QUAD Core] 32GB Tablet / 2GB RAM / Dual Cameras / Bluetooth / HDMI - PumpkinX",
B0070E21PG,7,"Tursion 10.2"" Google Android 2.3 Tablet PC 16GB 512 MB RAM",
B0080I7OH6,7,Apple New iPad 4G 32Gb - Black (Factory Unlocked),
B00AG6NAF0,7,Samsung Galaxy Note 10.1 White 16gb Wifi (Pouch Included) Part# GT-N8013ZWSXAR/GT-N8013ZWYXAR,
B00E9TN3MU,7,"Afunta&reg 9 Inch Google Android 4.0 512MB/8GB Tablet PC Dual Camera MID Capacitive Multiple Touch Screen G-sensor Allwinner A13, 3d Games Skype Video Calling, Netflix Movies Flash 11.1 (Dual Camera, Pink)",
B00INJBT96,7,"White 7 Inch GOOGLE Android AllWinner Tablet PC, A23 Dual Core, (8GB) Boxchip Cortex A8 1.2Ghz MID Capacitive Touch Screen G-Sensor WiFi, Camera, Skype Video Calling, NetFlix Movies, Flash Supported, By FastTouch(TM)",
B005ANCRX0,6,tyPillow Microsuede Pillow for iPad 2,
B0089BZCI2,6,"Velocity Micro Cruz 7"" 2GB Tablet / T301",
B008GUGCQM,6,"Samsung 10.1"" 16GB Android 3.1 Tablet",
B00AA7ZFZS,6,"Kobo Arc 7"" 32GB Touchscreen Colour eReader with Wi-Fi - White",
B00AIUIAOU,6,Acer Iconia W510-1620 10.1-Inch 32 GB Tablet (Silver),
B00B4PK0X2,6,Kocaso M M1070 10.1-Inch 8 GB Tablet,
B00BWGQJUG,6,Afunta 7-inch Allwinner A13 Q88+ Dual Camera Tablet Pc Android 4.0 1.2ghz CPU Multiple Touch Capactive Screen 512mb RAM 4gb HDD Wifi (Pink),
B00E8CGC2Q,6,Afunta Q88 III 7 Inch Tablet Pc Dual Core Dual Camera Android 4.1 Capacitive Touch Screen 512m RAM 4gb ROM Support Wifi (Black),
B00EMJNIFO,6,Polaroid PMID1000 Android 10.1-inch Capacitive Multi-Touch Color Display Tablet w/ Dual Cameras 8GB Internal Memory WiFi Built-In Stereo Speakers and Microphone (Black),
B00EOBJ7Q4,6,SILICON VALLEY PERIPHERALS TPC0915 TPC0915 9IN ANDROID 4.1,
B00ET0H9R4,6,Microsoft 64GB Surface RT Tablet,
B00H03NZB6,6,"Polaroid V7 7"" Internet Tablet Front & Rear Camera Android 4.1 Jelly Bean Tablet",
B00IBNK7TM,6,"Astro Queo 7"" Android Tablet (4GB Memory, Wifi, A13, 7 Inch Multi Touch 5 Point Screen)",
B00INVKDNM,6,"Simbans (TM) S81W 8 Inch Quad Core Tablet PC - IPS Screen, 1 GB RAM, 8GB, Android 4.1, 1.2Ghtz , WiFi, Camera, G Sensor - WHITE",
B00JEXBO6I,6,"ProntoTec Axius Series 7"" Android 4.2 Tablet PC,HD 1024 x 600 Pixels?Cortex A8 Dual Core Processor, 512MB/6GB, Dual Camera, HDMI, G-Sensor, Google Play Pre-load -pink",
B00776IOY4,5,"KLÜ 8-Inch Tablet PC with Capacitive Touch Screen, Android 2.3 and 4 GB Memory",
B008Z2QD24,5,"7"" Tablet Pc Pink Android 4.0 Allwinner A13 1.2ghz Capacitive Screen Flash 11.1 Wifi Camera 512mb /4gb",
B009XAWNP8,5,Factory Unlocked Ipad3 64gb Black 4g,
B00B6V5Z70,5,"Archos FamilyPad 2 8 GB Tablet - 13.3"" - ARM Cortex A9 1.60 GHz - Black",
B00BNHOQFY,5,HP EliteBook Revolve D3K51UT 11.6 inch Tablet PC - Wi-Fi - Intel Core i5 i5-3437U 1.90 GHz - LED Backlight,
B00BUTBAB8,5,"4Sight Tablet with 4GB Memory 9"" | 4SPA0910C",
B00CAK9PKE,5,"7"" dual camera Capacitive Google Android A13 MID WIFI PAD Tablet PC Netbook Notebook 4GB WT",
B00DE0C7R2,5,"Black Color 7.0 Android 4.0 Tablet Pc Computer 4gb Wifi, Camera, Youtube, Games , Skype Video Calling &Netflix; Movies",
B00DGLY3V2,5,"Pink 7 Inch Phone Tablet Unlocked Gsm Sim Card with Blue Tooth Android 4.0 ICS ,Dual Camera,at&t,t-mobil",
B00E3JJZ5U,5,"7"" HKC 16GB Dual Core Tablet with Android 4.1 & Google Mobile Apps & Capacitive Multi-Touch Screen P774A",
B00ECV0W3I,5,8.9 Inch Pipo M7 Pro External 3g Android 4.2 Rk3188 1.6ghz Retina 1920x1200 Bluetooth GPS Hdmi 5.0mp Camera--wifi Version,
B00F689T26,5,"Proscan 8"" 4GB Android 4.1 Jelly Bean Touchscreen Tablet",
B00GX6F78K,5,"AGPtek® 7"" Dual Core Google Android 4.2 Tablet PC, HD 1024x600, Google Play Pre-load, HDMI,1GB DDR3,Wifi,Skype Video Calling, Netflix, 3D Game Supported With 16 GB TF Memory Card",
B00I4BVCOK,5,"2014 New Contixo 7.85"" Quad Core Processor 1.5GHz Google Android 4.2 Tablet PC, IPS Touch Screen 1024x768, Dual Webcams, Bluetooth, HDMI, Wifi, 16GB Flash Storage",
B00IZA53AE,5,"Father's Day Gift! iRulu® 9.7"" Quad-Core 4X1.2GHz Android Tablet PC (AZ942), 1024*768 HD Touch Screen, 1GB Fastest RAM, 4.2.2 Jelly Bean OS, Dual Camera (5 mega pixel), Bluetooth, Wifi, HDMI, Updated to 16GB",
B008D99LBE,4,Kocaso MID-M760 7-Inch Tablet (Black),
B00AUUOFR4,4,"Afunta® 9.2'' Google Android 4.0 512mb/8gb Tablet Camera Capacitive Multiple Touch Screen G-sensor A13 Tablet, 3d Games Skype Video Calling, Netflix Movies (Single Camera, White)",
B00E4M9H40,4,"Lightinthebox Starlight Blue - Android 4.0 Tablet with 7 Inch Multi-Touch Capacitive Screen (4GB,WiFi, 1.5GHz, 3G, Camera)",
B00FYF0I5I,4,"TeSoar® 7"" 8GB Black Tablet PC Allwinner A13 Processor Google Android 4.0 Multi-touch Capacitive Screen TF/MiniSD Card Supported 1.3M Front Camera MID Wifi",
B00G2IBJN6,4,"Toshiba Encore Tablet 64 GB 8"" - WT8-A64",
B00GOK2TEK,4,AGPtek® Kids Abot Tablet 7-inch Touch Screen Android 4.1 Wifi Camera Tablet PC with 32 GB TF Memory Card,
B00GP5ILZK,4,"SVP® 9 Inch Dual Core ANDROID 4.1 8GB Tablet WIFI 3G HDMI 3D E-book Google Play Store capacitive Touch Screen Tablet PC 9""",
B00GPPX2MW,4,Amar® 7 inch dual core 3G Tablet pc Support 2G 3G Sim card slot Phone call GPS WiFi FM tablet pc 7 Inch 3G Phone Call Tablet MTK6572 Dual Core 1.2GHz Android 4.2 Sim slot Dual Camera GPS Bluetooth 512MB/4G,
B00HQ6A7FY,4,"G-Tab Prizm xZ - Dual Core Android Tablet PC (7-inch, Wi-Fi, 2014 Model) [Pink]",
B00I09YPYU,4,"ValuePad VP111 7"" Tablet 8GB Bluetooth HDMI Scr Prot Android 4.2.2 1.3GHz 1080P Google Play 3D Game MicroSD Dual Core Dual Camera (Black)",
B005OTYLGG,3,"HP Slate 500 Tablet PC Atom Z540 1.86GHz 64GB SSD 2GB 8.9"" WSVGA Touchscreen BT Window 7 Professional 2x Webcams",
B006UODCIW,3,Motorola Xoom MZ601 32GB Silver/Black Android Tablet / GSM Phone WiFi+3G International Version,
B007515W9G,3,Samsung Series 7 Slate PC - tablet - Windows 7,
B008B2650S,3,Lenovo Idea Tablet A1107 7-Inch 16 GB Tablet (Black),
B00906DTB2,3,"Fujitsu STYLISTIC 10.1"" 32GB NVIDIA Tegra Tablet",
B00AQ6XDIE,3,"DOPO 1.2GHz 512MB 4GB 7"" Capacitive Touchscreen Tablet Android 4.0 w/HDMI microSDHC & Webcam",
B00BUDPVIC,3,"9"" Android Capacitive Touchscreen Tablet (with 8GB Memory Card) Features Google Play Store, Skype, YouTube, Netflix, Camera, Wifi, and G-Sensor!",
B00ECKKUHM,3,"FastTouch(TM) 7 INCH DUAL CAMERA TABLET PC - RED 4GB, GOOGLE ANDROID 4.1, ALLWINNWER A13 BOXCHIP CORTEX A8, 512MB RAM, MULTIILPE TOUCH SCREEN, WIFI, SKYPE, NETFLIX MOVIES",
B00GIDOMMA,3,Kocaso MID M9300WH 9-Inch 64 GB Tablet,
B00GPG6YBW,3,Polaroid Google-Certified S10 10-in. Android Tablet,
B00H6UW3QQ,3,"Factory Unlocked Apple iPad AIR MF016LL/A (128GB, Wi-Fi + 4G LTE, Black with Space Gray) Newest Version",
B00HSXYNV4,3,Sophix TAB-740G - 7'' Dual Core Android Tablet,
B00IDAGX5U,3,Apple Ipod Touch 16GB Black/Silver (5th Gen) Store Return + Accessory Kit,
B00INJFSOI,3,"RED 7 Inch GOOGLE Android AllWinner Tablet PC, (4GB) Boxchip Cortex A8 1.2Ghz MID Capacitive Touch Screen G-Sensor WiFi, Camera, Skype Video Calling, NetFlix Movies, Flash Supported, By FastTouch(TM)",
8072112198,2,"Rugged Motorola ET1 Tablet, Android, WiFi, GPS, Camera, Gorilla Glass 7"" Display",
B0090OQIP8,2,"ASUS 10.1"" 16GB Android 3.2 Tablet PC",
B00AC7BPFK,2,"Motorola Droid XYBoard 8.2"" 32 GB Tablet MZ609-32 / Black - Non-Retail Packaging",
B00ALGORK2,2,"BLU Touch Book 7.0 Lite P50 Tablet PC with Android 4.0 OS, Multi-Touchscreen, MP3/MP4 Player, Wi-Fi and microSD Slot - White",
B00ANHHYC2,2,Supersonic SC97JB 9.7-Inch 8 GB Tablet,
B00BBG0S8G,2,Samsung ATIV Smart 500T Tablet PC,
B00BLZGIUO,2,"Halloween Onebook Genius Blue Tablet PC - Version Android 4.1- Super Slim and Light 7"" Google Android Tablet PC with 1.5Ghz Processor and 4GB Storage",
B00BZMZJIA,2,"Generic Nextway F9x 9.7"" Android 4.1.1 Quad-core A31 3.3ghz 16gb Tablet Pc with External 3g, Auto Screenshot, Pip, Capacitive Retina Display IPS Touch 2048x1536 (Black)",
B00CPL8KI6,2,"IPS Retina 2048x1536 Screen Chuwi V99 Quad Core Ratina Screen Android 4.1 Tablet Pc 9.7"" Allwinner A31 2gb RAM 5.0mp Camera",
B00CPZL9LM,2,Acer Iconia W510-1438 10.1-inch 32GB Tablet with Keyboard Dock (Silver),
B00DS3Q9PQ,2,"Alldaymall® 7 Inch Android 4.2 Dual Core VIA 8880 1.2GHz Tablet PC (4GB, Wi-Fi, HDMI, Dual Camera, Capacitive Touch)(Black & Pink)",
B00EEZVEOI,2,"Excelvan ET904 9 inch Android 4.0 A13, 8GB Nand Flash, OTG, Wifi, Capacitive Touchscreen Tablet",
B00F0R92M0,2,"8 GB Tablet - 9"" - 1.10 GHz - Black",
B00F6NNT9A,2,"BWC 7 Inch Kidi-Value V4.2 Dual Core Android 4.2 (Jelly Bean) Tablet PC Ideal for Children and Adults alike, Slim, Fast and excellent Value with and 1024x600 High Def, Widescreen Display and HDMI out port for use as a media player",
B00FFAD7K0,2,Kocaso M9100 M9100PUR 9-Inch 8 GB Tablet (Purple),
B00FY2TZOG,2,"Flytouch XR Android 4.2 Capacitive Touch Screen 10-Point Touch, Dual Core Cortex A9 Processor 1.5Ghz, HDMI",
B00FZ3FSOA,2,MSI Computer Corp. WindPad 110W-224US 10.0-Inch 64 GB Tablet,
B00FZD7RTO,2,"Birthday Gift Bundle with Black Keyboard Case-Black 7"" Android 4.2 Jelly Bean A20 Tablet PC HDMI USB Dual Core Cameras WiFi External 3G Games with 4GB Nand Storage, 512MB RAM, 1.2Ghz.",
B00GAC8J5U,2,"HKC Tablet with 8GB Memory 7"" | P774A-BBL",
B00GQFFDE6,2,"Apple iPad mini with Retina Display (32GB, Wi-Fi + Verizon, Silver) NEWEST VERSION",
B00GTRW286,2,"EGQ307 8 GB Tablet - 7"" - 1.50 GHz - Blue",
B00GWUBXNA,2,"10"" Android Tablet - 1GB Ram 1.5Ghz CPU WiFi Google Play Store Installed",
B00HWPTMIM,2,"2014 NEW Contixo Kids 7 Inch Android 4.2 Tablet PC - Dual Camera, RK3168 Dual-core 1.6GHz, 1GB RAM, 8GB HDD, HD 1024x600 Display Capactive Touch Screen, WiFi (Blue)",
B00IWNTNAA,2,Riin 10.1-inch 8gb Tablet Allwinner A20 Dual-core Android 4.2 1gb DDR with Dual Camera Hdmi Output(white),
B00JB6F0PE,2,"iRulu 7"" lovely Capacitive Tablet PC Android 4.0 Jelly Bean for Birthday Gift to Kids Children Allwinner A13 1.2GHz 8GB Dual Camera,Blue",
B00JGJA6C8,2,"Condroid ® 7'' GMS certified by Google Black Dual Core 1.5 GHz Condroid X7 Google Android 4.2 Tablet PC, Dual Camera, HD 800x480, 8GB, Google Play Pre-load, HDMI (Allwinner A23) + Hausbell ® H7 (gift)",
B000KDEGAW,1,"Fujitsu LifeBook T4215 12.1"" Tablet PC",
B005KSJQ0M,1,"Toshiba Thrive At100-002 10.1"" Tablet Pc 16 gb Wifi",
B008B264UE,1,Lenovo Idea S2110 Tablet 10.1-Inch 16 GB Tablet,
B008CG4N9I,1,Kocaso M760S 12GHz 4GB 7 Capacitive Touchscreen Tablet Android 40 Ice Cream Sandwich w HDMI Camera More! Silver,
B00AWK2S1M,1,Panda Pad Novo9 Spark Quad Core A31 Tablet PC 9.7 Inch Android 4.1 (Jelly Bean) Retina IPS Screen 2G RAM 16G ROM 4K Video HDMI White Dual Camera 2048 x 1536px Super Slim Altra Thin Debut,
B00AZZQHBG,1,Gpad WM8850 Android 4.0.3 Tablet PC 7 inch Capacitive Screen VIA 8850 Cortex A9 4GB (White),
B00CCP4KAW,1,Easydy 8inch HD Capacitive Touch screen Android 4.0 Dual Camera Tablet with ARM Cortex-A9 1500 MHz / 512MB DDR3 / 8G Flash Wifi HDMI,
B00D6KFYTI,1,RCA MobileTV DMT580DU 8-Inch 8GB Tablet,
B00DSAFC84,1,"Xperia Tablet Z, Android Jellybean, 10.1"", 16GB, Wi-Fi",
B00EQ5GCR0,1,"Goldengulf-2014 Newest 7 inch Dual Core 3G Dual Sim Phone Call Tablet, Android 4.1 4GB, GPS, Facebook, Youtube",
B00EYS9HLW,1,"ProntoTec 7 Inch 3G Android Tablet PC, Dual Core 1.2 Ghz Processor, Android 4.0, 4GB, DDR3 512MB RAM, Dual Camera, Wi-Fi, 3G Enable (AT&T / T-Mobile / Verizon Wireless)",
B00F3L82H4,1,"AXESS TA2510-7BK 7-Inch Dual Core GOOGLE PLAY Tablet (A20 Cortex A7 CPU) with Android 4.2 Jelly Bean , 4 GB Storage with Micro SD Card Slot up to 32 GB, 512 MB RAM, G Sensor, HDMI Output, WiFi, Built-in Dual Camera and Speaker in Black Color.",
B00FSL2TOG,1,SVP® 10 inch Quad Core Dual Camera Android 4.2 HDMI Touch Screen Tablet 3G Wifi 3D E-book,
B00FYO1PFQ,1,"Christmas/Birthday Gift Onebook Genius 7"" Android 4.1 4GB MID Capacitive Touch Screen Allwinner A13 Q88 Tablet WiFi External 3G MID",
B00G24QB6U,1,"Megafeis® 7"" Dual Core M700plus Google Android 4.1 Tablet Pc, Hd 1024x600, Google Play Pre-load, Hdmi, 3d Game Supported",
B00GTJVFF0,1,"AGPtek® 7 inch Dual Core Cortex-A9 1.3GHz Android 4.2 Tablet PC 1024*600 Solution 2160P HDMI 1GB Ram/4GB Flash Built in Google Play, Amazon Kindle, Kids mode, Netflix & 16GB Micro SD/TF Card",
B00H13FDEC,1,9.0in Fastest Dual-Core Android 4.2 Tablet PC Capacitive HDMI Google Play Store,
B00H1KX5CM,1,"Samsung Galaxy Tab 3,8-inch, White 16GB Wi-fi (Pouch Included)",
B00HQ8C95I,1,"7 Inch Dual Core 1.2GHz Android 4.2.2 ProntoTec Tablet PC, Dual Camera(White)",
B00I3YPKZA,1,Acer Iconia A1-810-L677 7.9 inch MediaTek MT8125 1.2GHz/ 1GB DDR3L/ 8GB SSD/ Android 4.2 Jelly Bean Tablet (Red),
B00I9N4J66,1,Ematic Dual-Core EGD103 10-Inch 8 GB Tablet,
B00I9N4KLU,1,Ematic HD Dual-Core EGD170BU 7-Inch 8 GB Tablet (Blue),
B00IYBEJA4,1,"CHUWI VX1 7"" Inch Quad Core 1.3GHz Android 4.2 IPS 5 Points Multi-touch Tablet PC Smartphone Phablet 1G Ram 8MP Camera 16GB Bluetooth WIFI GPS 1080P",
B00IZAJ1C0,1,"Epassion 10"" Android 4.2 Jellybean 8gb Touchscreen Tablet. 1.2ghz Dual Core Processor. 1gb Ram Memory. Dual Camera. Wifi & 3g Ready. Hdmi 1.4 Port. In Black",
B00J4MAA2I,1,"10.1"" Inch Dual Core Android Tablet PC w/ 16GB+Dual Camera+HDMI+Bluetooth+Google Play-Pumpkin X",
B00JETE036,1,"iRulu 7 inch Android Tablet PC, 4.2 Jelly Bean OS, Dual Core, Allwinner A23 CPU, Dual Cameras, 5 Point Capacitive Touch Screen, 8GB Storage,Pink Color",
B00JKBKAS2,1,Condroid® X7 Tablet PC Computer Google GMS Certificated Dual Core 1.5 GHz Google Android 4.2 System 512M RAM 8GB ROM Capacitive Multi-touch LCD Screen (Black),
B00JOZD0U4,1,"Foneso (tm) NAVY Ultrathin 7"" Android Tablet PC with Capacitive 5 Point Multi-Touch Screen Dual Camera A23 Dual Core Processor WIFI Bluetooth [New Upgraded Bluetooth Model May 2014]",
B00K2W5FC4,1,"Simbans (TM) S81G 8 Inch Quad Core Tablet PC - IPS Screen, 1 GB RAM, 8GB, Android 4.1, 1.2Ghtz , WiFi, Camera, G Sensor, YouTube, Skype - GREY",
B004EY9ATU,0,Android 2.2 8 inch Tablet Pc - A8,
B004N7TIDG,0,"Enspert E201U Identity 7"" Tablet",
B004Q1P0S6,0,Coby Kyros 8-Inch Android 2.2 4 GB Internet Touchscreen Tablet- MID8024-4G (Black),
B0053EUNFU,0,"Fujitsu STYLISTIC Q550 10.1"" 1280 x 800 LED Net-tablet PC - Atom Z670 1.50 GHz 62GB SSD 2GB RAM Q550-62GB-02",
B005J9C8NE,0,"Acer Aspire One AOD255-2256 Atom N450 1.66GHz 1GB 160GB 10.1"" LED-Backlit Netbook Windows 7 Starter (Ruby Red)",
B006AZEMR6,0,HTC EVO View 4G Android Tablet - 32 GB - Dual Camera - Wifi / CDMA (Sprint) DOES NOT REQUIRE A SPRINT ACCOUNT!,
B006L18W70,0,Samsung Galaxy Tab 7.0 Plus 3g Wi-fi 16gb Black 7 Inch 7.0 Plus Brand New (Unlocked),
B00739ST72,0,Viewsonic E70_US1 ViewPad 7-Inch Tablet,
B0075W8BZC,0,Coby Kyros 7-Inch Android 4.0 4 GB 16,"9 Resistive Touchscreen Internet Tablet, Black MID7033-4"
B007N9F9D4,0,NextBook Premium Series Next10P12,
B007SJLRPI,0,Newest Model Apple Ipad Wi-fi 4G 32 GB White - MD370E/A Latin America/Spanish FACTORY UNLOCKED,
B0087DXLOO,0,Samsung Galaxy Tab GT-P7510 16GB Android Metallic Gray - Wi-Fi Tablet,
B0089RPUJ2,0,LeapFrog LeapPad2 Explorer Kids' Learning Tablet or Bundle,
B008N80M7M,0,"YuanDao N90 Dual Core - 9.7 inch 1.5GHz dual core CPU quad core GPU RK3066 android 4.0 tablet with IPS display, bluetooth, wifi, 1GB DDR3 16GB",
B008XODQWE,0,"SVP TPC-0751 7"" Android 4.0/4GB/1.3GHz/512MB DDR3 RAM with Front Camera and Wifi",
B0093XTHIG,0,Coby Kyros 9.7-Inch Android 4.0 8 GB Internet Tablet 4,"3 Capacitive Multi-Touchscreen with Built-In Camera, Black MID9740-8"
B009HNVPUK,0,"HTC Jetstream P715a 16GB 10.1 Inch Unlocked 4G + Wi-Fi Tablet PC with Android 3.1 OS, Dual-Core Processor, 10.1"" LCD Multi-Touchscreen, 8MP Camera + Secondary 1.3MP Camera, Video, GPS, Wi-Fi, Bluetooth, SNS Integration, Google Apps and MP3 Player - Black",
B009M4X7Z0,0,Acer Iconia Tab A110-07g08u 7-Inch 8 GB Tablet (Gray),
B00AH4K4EQ,0,"7"" White Tablet PC - Android 4.0 Touch Capacitive Screen 1.2ghz 512 RAM WiFi 3G Camera",
B00AS006KG,0,Samsung Galaxy S III 32GB LTE 4G Android White - US Cellular,
B00BACEY8G,0,Apple Ipad 4 Retina Wi-fi + 4g Cellular 128gb Black Me406,
B00BCPJALC,0,"ATIV Smart PC Pro XE500T1C 11.6"" 64 GB Net-tablet PC - Wi-Fi - Intel Atom Z2760 1.80 GHz - Blue",
B00BV6Z7IW,0,Apple iPad 2 MC954LL/A 16GB with Wi-Fi (Black),
B00BWGQJQK,0,Afunta 7-Inch Allwinner A13 Q88+ Dual Camera Tablet Pc Android 4.0 1.2GHz CPU Multiple Touch Capactive Screen 512MB RAM 4GB HDD Wifi (Blue),
B00CJPF0EU,0,PIPO M8 Pro - 9.4 inch IPS Screen Ultra thin Quad Core Cortex A9 RK3188 1.8GHz Tablet PC Android 4.1 2G RAM Bluetooth Dual Camera Black,
B00CMANQ8E,0,"7"" Capacitive Touch Screen Android 4.0 Tablet PC with Allwinner A13 1.0ghz 512MB DDR/4GB WiFi G-Sensor Front-Camera (Black)",
B00CMWB8DW,0,Double Power M Series M7088 7.0-Inch 8GB Tablet,
B00COZMJN0,0,amtonseeshop 7' Screen Via8850 Google Android 4.0 512mb 4g Hdmi Tablet Dual Camera Wifi Black,
B00CQR5GTU,0,"Axis 7"" Dual Core, Dual Camera, 1024*600 Capacitive Screen Android 4.1 Tablet PC With HDMI (Black)",
B00CS1WD9A,0,LeapFrog LeapPad Ultra Kids' Learning Tablet,
B00CWPAG4G,0,"AGPtek® Built-in 8GB Storage Black 8 inch Android 4.1.1 OS Cortex A9 1.2GHz 512m DDR3 Front/Back Dual Camera Gsensor Capacitive Tablet PC With 8GB Micro SD/TF Card - Mini HDMI Output 1080P HD Game Video, Support Youtube, Skype, eBook Reader & Netflix Movies",
B00CYX51ZK,0,Lenovo ThinkPad Tablet 2 36795XU - 3G/4G 10.1-Inch 64 GB (Black),
B00D896N06,0,"Dragon Touch® R8 7.85'' Google Android 4.2 Jelly Bean Quad Core IPS Tablet MID PC, 4x1.8GHz, 1GB Ram, 16GB HDD, 1024x768 IPS Display, Bluetooth 4.0, Dual Camera, Google Play Pre-Installed, HDMI, Mini Pad [By TabletExpress]",
B00DDYIJV2,0,"eMatic 4.3"" FunTab Mini Android 4.0 Children Kids Multimedia Tablet Blue",
B00DF2KQJK,0,"* * * LAUNCH PRICE * * * 7"" inch LélikTec DUAL CORE Allwinner A20 Cortex A7 1.2 Ghz (up to 1.5Ghz Maximum) (x2) Processor Dual Core 400 Mhz (x2) Mali GPU | HD Screen 1024x600 Resolution 3D games accelerator Capacitive Touch Screen Latest Android 4.2.2 Jelly Bean OS 1GB RAM Flash Memory 8GB HDMI output WiFi Tablet PC (Blue)",
B00DFFGJ3E,0,"Generic Starlight Blue - Android 4.0 Tablet with 7 Inch Capacitive Screen (4GB,WiFi, 1.5GHz, 3G, Camera)",
B00DHBLAFS,0,"AGPtek® Quad core 7 inch Android 4.1 1.6GHz IPS HD Capacitive Touch Screen Tablet 1280 X 800 with Dual Camera 1GB DDR3 8GB NAND FLASH, Support Wifi G-sensor",
B00DI9EN6W,0,"Lenovo ThinkPad Tablet 2 36795XU 64 GB Net-tablet PC - 10.1"" - AT&T - 4G - Intel Atom 1.80 GHz - Black TOPSELLER THINKPAD TABLET 2 Z2760 1.8G 2GB 64GB 10.1IN BT W8 2 GB RAM - Genuine Windows 8 32-bit - LED Backlight - LTE, HSPA, HSPA+ - Slate - Multi-touch Screen 1366 x 768 HD Display - Bluetooth",
B00DIGSKLY,0,"PiPo MAX-M6 RK3188 Quad Core 1.6 GHz 9.7"" Inch Retina IPS Screen Android 4.2.2 16GB Tablet PC (Black)",
B00DIHXOUK,0,"7 Inch Unlocked Gsm Sim Card with Blue Tooth Android 4.0 Phone Tablet ,Dual Camera,google Play Store,at&t,t-mobile (Teal Blue)",
B00DKW56Q8,0,"AGPtek® 7 inch Android 4.1 Jelly Bean OS Cortex A9 1.6GHz Quad Core 1GB DDR3 RAM 1280*800 IPS Full HD Capacitive Touch Screen G-sensor Tablet PC With Dual Camera (0.3MP Front camera, 2.0MP Rear Camera) Google Play Pre-installed, Built in 8GB Storage, Extend to 32GB TF Card, 7.2mm Super Slim!!",
B00DKW57PS,0,"AGPtek® Built-in 8GB 7"" Android 4.1 OS 1280*800 IPS HD Screen High Speed Quad Core Cortex A9 1.6GHz 1GB DDR3 RAM Super Slim(7.2mm) Tablet PC With 8GB Micro SD/TF Card(Google Play Pre-installed, HDMI Output, OTG, Wifi, Dual Camera, Compatible With Skype Video Calling, Youtube, eBook Reader, Extend to 32GB TF Card)",
B00DM7O2X4,0,"MTECH MTP211 7"" 2G GSM & 3G Dual SIM Card and Dual Core Bluetooth Android 4.0 High Definition Capacitive Touchscreen Tablet Smartphone Unlocked / Dual CPU 1GHZ * 2 / 512MB DDR / 4G Flash / Dual Camera (Silver)",
B00DP581XA,0,"NORIA Slim 8 Android Jellybean Tablet - 8GB Local Flash Memory. 8"" LCD Multi Touch Screen. 1.2GHz Dual Core CPU. 1GB Ram. Dual Camera. HDMI Port - (White)",
B00DQTDY8M,0,"NORIA Slim 8GB Android 4.1 Jellybean Tablet - 8"" LCD Touch Screen. 1.2gHz Dual Core Processor. 1GB Ram. Dual Camera. WiFi & 3G Ready. HDMI Port - In Black",
B00DTOUOEQ,0,"AGPtek® 7 inch 2013 New Android 4.2 1024*600 Quad-core Capacitive Screen Wifi Camera Tablet PC 1.5GHz with 1GB DDR3 RAM 4GB HDD - Support 1080P HD, 3D Game, eBook, Skype, External 3G, 3.5mm Audio Output",
B00E49HF3I,0,"7"" Zeepad 7.0 Allwinnwer A13 Boxchip Cortex A8 Android 4.2, 4GB Capacity, 512 MB RAM, Multiple Touch Capactive screen, WIFI, Camera, Skype Video Calling, Netflix Movies. (Dual Camera, Metallic Lavender)",
B00E92FKBO,0,Ramos W27Pro Quad Core 10 Inch Tablet PC MID Android 4.1 16GB FLash/1GB RAM,
B00EB8JWK6,0,"Afunta Kids Cartoon Tablet PC 7 inch Android 4.2 512Mb RAM 4G ROM Dual Camera Wifi Capacitive screen (Dual-core, Pink)",
B00EEK2JEM,0,"7"" Android 4.2 JB Dual Core Tablet PC Dual Camera WiFi HDMI Google Play Store Capacitive Touch (Metallic Grey)",
B00EF39ML6,0,7.0-inch Android 4.0 Smart Phone Tablet PC Bluetooth Google Play Store UNLOCKED!,
B00EF4OC4M,0,UNLOCKED! 7in LCD Phablet Android 4.0 Tablet PC Smart Phone - FREE Bluetooth NEW,
B00EOSP73E,0,Kocaso M9100BK 9-Inch 8 GB Tablet,
B00EQ9PTNY,0,"Kurio 7s Tablet with 8GB Memory 7"" | 96125",
B00EVKGNVA,0,Dell XPS 18 portable Touch-Screen All-In-One Computer / i5-3337U / 8GB / 500GB Hard Drive + 32GB Solid State Drive,
B00EXLFSAE,0,AGPtek Kids Abot Tablet 7-inch Touch Screen Android 4.1 Wifi Camera Tablet PC with 32 GB TF Memory Card,
B00F1WAQGU,0,"AGPtek® 7"" Android 4.2 Quad Core 8GB Internal Storage 1.5GHz Tablet PC (1024*600 HD Capacitive Touch Screen, 1GB DDR3 RAM, Support Wifi, G-sensor, Skype, eBook, Pre-installed Google Play) With 16GB Micro SD/TF Card",
B00F287XM8,0,AGPtek® 7-Inch Touch Screen Abot Kids Android 4.1 Tablet Wifi with Bumper and Red Touch Screen Stylus for kids,
B00F9ECDH0,0,Kurio Touch 4S Ultimate Android Handheld Tablet for Kids,
B00FCAE9IC,0,Newsmy T10 Dual Core 10.1inch Android 4.1.1 Dual Core 16GB Tablet PC with External 3G (Black) + Free Shippng,
B00FFWR8N0,0,"AGPtek® 7"" Android 4.1 Quad core 1280*800 IPS HD Screen with 1GB RAM & 8GB Storage Super Slim Wifi tablet With Bluetooth Speaker",
B00FHVFL1K,0,"Excelvan 11.6"" Intel X86 Ultrabook Laptop Computer Tablet PC W8 Trial Version",
B00FHVLH18,0,"Excelvan 11.6"" Intel X86 Celeron 1366*768 IPS Ultrabook Laptop Tablet PC W8 Trial Version",
B00G2YHHZE,0,"Apple iPad Air MF018LL/A (128GB, Wi-Fi + AT&T, White with Silver) NEWEST VERSION",
B00G3Q46DC,0,"Dragon Touch® 7'' Pink Dual Core Y88 Google Android 4.1 Tablet PC, Dual Camera, HD 1024x600, Google Play Pre-load, HDMI, 3D Game Supported (enhanced version of A13) [By TabletExpress]",
B00G4G55RC,0,"Apple iPad Air MF520LL/A (32GB, Wi-Fi + T-Mobile, Black with Space Gray) NEWEST VERSION",
B00GA8Q89I,0,"Pyle TAB7IB 7'' 4GB Tablet W/ Bluetooth, Android 4.0 OS, 1.2Ghz, Wi-Fi, 3D Graphics & 2 Cameras",
B00GGMD76A,0,"Children's 7 Inch Android 4.2 Tablet - Child Friendly UI, Parental Control (Pink)",
B00GHSWYLW,0,Noria SLIMx 7.9-Inch Google Android 4.2 Tablet. Bluetooth 2.0. 16GB Flash Storage. 1GB RAM. 1020x600 HD Resolution. - Jet Black [Newest Version November 2013],
B00GMDJQGI,0,"PIPO Smart-S1s 7"" IPS Screen Android 4.2 RK3066 Dual-core 8GB Tablet PC w/ WiFi HDMI CPU 1.6GHz RAM",
B00GN44TRC,0,"Samsung Galaxy Tab 3 10.1 P5220 WiFi+LTE 16GB Factory Unlocked GSM Tablet - International Version, No US LTE support (White)",
B00GN6ZKEG,0,"PIPO M9 10.1"" IPS Screen Android 4.2 16GB RK3188 Quad-core Tablet PC w/ WiFi HDMI CPU 1.8GHz RAM 2GB",
B00GOK2PL2,0,AGPtek® Android 4.1 7-Inch 4GB Wifi Camera Tablet PC for Children Kids with 16GB Micro SD/TF,
B00GR34CY4,0,"Andteck TouchTab 7"" Dual Camera Google Android 4.1 Tablet PC, 7-inch, Wi-Fi, A13 1.2Ghz [2014 Model] (Hot Pink)",
B00GTJV80M,0,"AGPtek® 7"" Android 4.2 1GB RAM 4GB Storage Dual Core Tablet PC 1024*600 Capacitive Touch Screen with HDMI (Pre-installed Google Play, Amazon Kindle, Kids mode, Netflix, Smart office)",
B00GUBL5KC,0,"AGPtek® 7"" Kids Children Tablet PC Pre-installed Educational & Reading Apps Android 4.1 Parent Control Unique UI RED Bumper & Wireless Gamepad",
B00GUXZF24,0,"Techege 1.2 Ghz, Android 4.2, 7"" Multi-Touch LCD Display, Dual Camera, Lightweight Tablet PC w/ Google Play and Microsoft Office Support (Black)",
B00GZ88ZA8,0,Razer Edge Pro High Performance Gaming Tablet Dedicated Graphic Card Windows 8 Core i7 8GB 128GB 10.1 Inch IPS FREE 1 Year Kaspersky Internet Security (1-User) download,
B00GZ8UQUU,0,Acer Aspire 11.6-Inch Touchscreen Tablet (No Keyboard) (Silver) Haswell Intel Dual Core 2129Y 1.1Ghz Windows 8 HD IPS FREE 1 Year Kaspersky Internet Security (1-User) download,
B00H13CR8C,0,7in Android 4.0 Smart Phone Tablet PC Bluetooth WiFi Google Play Store UNLOCKED!,
B00H3T42C8,0,"AXESS TA2504-7RD 7"" GOOGLE PLAY tablet dual camera, Android 4.1 Jelly Bean OS, 1.2 GHz Allwinner Cortex A8 CPU, 4Gb storage with microSD card slot for up to 32Gb, 512Mb RAM, 16","9 capacitative touchscreen, WiFi, G sensor, built-in front and back facing camera, speaker, Red"
B00H504VHG,0,"Rikomagic RKM MK902-16G Google Android TV Box Mini PC, RK3188 Quad Core Cortex-A9 1.6GHZ, Android 4.2 OS, 2G RAM, 16G ROM, Bluetooth, 5MP Camera, Built in Microphone, External WIFI Antenna, Supports Miracast",
B00H5D2PPI,0,vitalASC 10.1 IPS Quad Core 1.6Ghz 48GB Flash Dual Camera Bluetooth Touchscreen Tablet PC Android 4.2 Jelly Bean,
B00H6XWESA,0,Lexibook Kids Tablet One,
B00H7BX9SU,0,PIPO M9 Quad Core RK3188 3G Tablet PC 10.1 IPS Screen Android 4.2 2G RAM 16G Bluetooth Dual Camera Black,
B00H7BZGSG,0,F5189 MTK8389 Quad Core Tablet PC 7 Inch IPS Screen Android 4.2 3G GPS Monster Phone 8GB Bluetooth WCDMA White,
B00H7UWE32,0,Original Colorfly CT972 Q.Vanilla Quad-Core 9.7 Inch IPS Screen 1024*768 Tablet PC 2G 16GB Android 4.1 Allwinner A31 Dual Camera Tablet PC,
B00H7UWF9U,0,Original Colorfly CT132 Q.Tiny Quad-Core 13.3 Inch HD Screen 1280*800 Tablet PC 2G 16GB Android 4.1 Allwinner A31 Dual Camera Tablet PC,
B00H7YVAA6,0,Original Pipo M6 9.7 -inch IPS screen NO 3G Tablet PC Android 4.2 RK3188 Quad Core 1.6GHz 2048*1536 2GB/16GB 5M Dual Camera Bluetooth WIFI - Black,
B00H8GBDXM,0,"Colorfly U781 Q1 7.85"" IPS Quad Core Android 4.2 A31s IPS Tablet PC w/ 1GB RAM / 16GB ROM",
B00HQ16PGO,0,"vitalASC 10.1""IPS Quad Core 1.6Ghz 32GB Flash Cameras Tablet PC Android 4.2 w/Portable Bluetooth Keyboard bundle",
B00HQ6A678,0,"G-Tab Prizm xZ - Dual Core Android Tablet PC (7-inch, Wi-Fi, 2014 Model) [White]",
B00HSKNGEM,0,"Internet Media Tablet Energy Tablet i8 Quad 3G (7.85"" IPS HD, Quad Core, 3G, GPS, BT)",
B00HVYFLRK,0,N3+ Smartphone MTK6592 Octa Core 2GB 16GB 5.7 Inch Android 4.2 3G OTG -White,
B00HZEEB72,0,"iRulu 10.1 inch Android Tablet PC, 4.2 Jelly Bean OS, Dual Core, Allwinner A20 CPU, Dual Cameras, 5 Point Capacitive Touch Screen, 8GB Storage, White Color",
B00HZNU2C6,0,"Kocaso M1070 Silver Color Dual Core 1.4Ghz 8GB 10.1"" IPS Capacitive Bluetooth Tablet PC",
B00I09WN7Q,0,"ValuePad for Kids VP111-K 7"" Tablet 8GB HDMI Bluetooth, Silicone Prot, Scr Prot, Parent Control, Google Play 3D Game Android 4.2.2 Dual Core 1.3GHz 1080P MicroSD Dual Camera Improved Sound (Pink Prot.)",
B00I0FT792,0,"Samsung Galaxy Tab 3 SM-T310 16GB, Wi-Fi, 8in - Pearl White (Latest Model)",
B00I11S7C8,0,"Samsung Galaxy Tab 3 10.1 P5200 "" Golden Brown Quad-Band Tablet GSM Unlocked International Version/Warranty",
B00I3D0HIG,0,"Tagital® 9"" Android 4.2.2 A23 Dual Core Dual Camera Tablet PC Play Store Pre-installed (Enhanced Version of A13)",
B00IBVN6E2,0,Lenovo Yoga B6000 3G Tablet PC 8 Inch IPS Screen Android 4.2 16GB GPS Silver,
B00IBVN7BE,0,Lenovo Yoga B8000 Tablet PC 10.1 Inch IPS Screen Android 4.2 16GB GPS Silver,
B00IC7FX82,0,"Astro Queo 7"" Dual Core Android Tablet (8GB Memory, 1GB RAM, Dual Camera, Wifi, A23, 1024x600 7 Inch 5 Point Multi Touch Screen)",
B00IC7N13Q,0,"Astro Queo 9"" Android Tablet (8GB Memory, Wifi, A13, 9 Inch 5 Point Multi Touch Screen)",
B00IGNCXNU,0,"2014 New Microsoft Surface 2 Tablet - Windows RT 8.1, 10.6"" 1920x1080 LCD Touchscreen, Front and Rear Camera Office RT 2013 Included (32, A Tablet Only)",
B00IKXWGYM,0,"NeuTab N7 Pink 7'' Dual Core Google Android 4.1 Jelly Bean Tablet PC, 1024X600 HD, Dual Camera, Google Play Pre-loaded, 3D-Game Supported",
B00IP4BCC8,0,AGPtek Android 4.1 7-Inch 4GB Wifi Camera Yellow Tablet PC for Children Kids with 16GB Micro SD/TF,
B00IP4BDV8,0,AGPtek Kids Abot Tablet 7-inch Touch Screen Android 4.1 Wifi Camera Yellow Tablet PC with 32 GB TF Memory Card,
B00IQ3JWAW,0,"E'max® Dual Core Android 4.2 3D Tablet PC Dual Cameras ,Capacitive ,Multi-Touch Screen ,HD-1280x800",
B00ISH46YI,0,"AGPtek® 7"" Kids Children Tablet PC Parental Control Function With Red & Yellow Bumper Unique UI 4GB Storage - Pre-installed Google Play, Educational & Reading Apps",
B00IVCNR6I,0,"NEW Arch 7 inch Android Tablet PC DUAL CORE, DUAL CAMERA Google Android 4.2 OS, HD 1024x600, 8GB ROM, Google Play Pre-load, HDMI, 3D Game Supported (NEW enhanced version of A13) (Red Blast)",
B00IY2B60O,0,Shamo's New 10.1 Inch Google Android 4.2 Jeally Bean Tablet Pc 8gb ROM Dual Core 10 Inch 1gb RAM Hdmi Two Cameras Dual Core Supports Micro Sd Memory Card White,
B00IY5IZGO,0,"Mtech Mtp268 7"" Dual Core 2g 3g Gsm & Dual Sim Card and Bluetooth Android 4.2 High Definition Capacitive Touchscreen Tablet Smartphone Unlocked / Dual CPU 1.2ghz * 2 / 512mb DDR / 4g Flash / Dual Camera (White)",
B00IYV7W58,0,New 7 Inch Tablet Pc 3g Phablet Mtk6572 4gb Android 4.2 Dual Sim Os GPS Phone Wifi Google Jeally Bean Tablet Pc 4gb ROM Dual Core 1gb RAM Two Cameras Supports Micro Sd Memory Card up to 32gb Bluetooth,
B00J2OK0SC,0,Qplus Title," 9"" Inch Android 4.0.4 Dual Camera 8GB Tablet PC Netbook Computer Black"
B00J2OYDLC,0,"iRulu 7 inch 5-Point Capacitive 800*480 Pixels Resolution Touch Screen Android 4.1 Tablet PC, ARM Cortex-A9 1.2 GHz CPU, Dual Camera 512MB RAM 16GB ROM Tablet-White",
B00J3HA9XE,0,"EC5259 Zenithink C97 Dual Core 1.2GHz Android 4.0 Tablet PC, 1GB RAM 8GB ROM",
B00J3HABAK,0,"EC5258 Zenithink C92 10 Inch Google Android 4.0 Tablet PC, 1GB DDR3 RAM 8GB ROM",
B00J3HACRC,0,"EC5257 Zenithink C93 Quad Core 1.5GHz Android 4.0 Tablet PC, 1GB RAM 8GB ROM",
B00J3HAI2Q,0,EC5254 Vido N80 Quad Core 1GB RAM Android 4.1 Tablet PC +PU Leather Keyboard,
B00J3HAJ4S,0,"EC5253 Vido 9.7 Inch Quad Core Android 4.1 HDMI Tablet PC, 2GB RAM 16GB ROM",
B00J3HB0OG,0,EC5227 Ramos X10 Quad-Core Android 4.1 1GB RAM 16GB ROM Tablet PC+Big Surprise,
B00J5AW8II,0,"iDream Phablet Phone Dual Core Dual SIM 6.5""Capacitive Touch Screen Android 4.2 Jelly Bean WiFi Dual Camera 4GB FonePad Tablet PC(White)",
B00J8FZPIA,0,"SKYTEX SP972 9.7"" Android(TM) 4.1 8GB Tablet",
B00JA2QZIK,0,"Andteck TouchTab 7X23 Dual Core 4.2.2 Google Android 7 in Tablet PC, 1.5GHz, Wi-Fi, A23 [2014 Model] (Red)",
B00JAI33T8,0,Qplus Unlocked 7 Inch Phablet Android 4.0 ICS Smartphone Tablet Phonepad w/ Play Store White,
B00JBV35UG,0,"iRulu 7"" lovely Capacitive Tablet PC Android 4.0 Jelly Bean for Birthday Gift to Kids Children Allwinner A13 1.2GHz 8GB Dual Camera (Orange Tablet)",
B00JBV361E,0,"iRulu 7"" lovely Capacitive Tablet PC Android 4.0 Jelly Bean for Birthday Gift to Kids Children Allwinner A13 1.2GHz 8GB Dual Camera (Green Tablet)",
B00JFLSCQY,0,"iRulu 7 inch Android Tablet PC, 4.2 Jelly Bean OS, Dual Core, Allwinner A23 CPU, Dual Cameras, 5 Point Capacitive Touch Screen, 8GB Storage,Sky Blue Color",
B00JGBNIP8,0,"SVP® 7 Inch Dual Core Android 4.2.2 4GB Phone Tablet PC , Dual Sim Card , Dual Camera , HD Display , Black Color , Capacitive 5 Point Multi-Touch Screen , Support 3D Game , 3G Dongle , Wi-Fi , HDMI , E-Book , Features Google Play Store, Skype, YouTube and G-Sensor , Phablet (By SVP) (Black-8GB)",
B00JGBNIPI,0,"SVP® 7 Inch Dual Core Android 4.2.2 4GB Phone Tablet PC , Dual Sim Card , Dual Camera , HD Display , Black Color , Capacitive 5 Point Multi-Touch Screen , Support 3D Game , 3G Dongle , Wi-Fi , HDMI , E-Book , Features Google Play Store, Skype, YouTube and G-Sensor , Phablet (By SVP) (Black-32GB)",
B00JGGOLWC,0,"iRulu 7 inch Android Tablet PC, 4.2 Jelly Bean OS, Dual Core, Allwinner A23 CPU, Dual Cameras, 5 Point Capacitive Touch Screen, 8GB Storage, Yellow Color",
B00JH81IKW,0,"iRulu 7 inch Android Tablet PC, 4.2 Jelly Bean OS, Dual Core, Allwinner A23 CPU, Dual Cameras, 5 Point Capacitive Touch Screen, 16GB Storage,Black Color",
B00JH81J7O,0,"iRulu 7 inch Android Tablet PC, 4.2 Jelly Bean OS, Dual Core, Allwinner A23 CPU, Dual Cameras, 5 Point Capacitive Touch Screen, 16GB Storage,Orange Color",
B00JH81LEA,0,"iRulu 7 inch Android Tablet PC, 4.2 Jelly Bean OS, Dual Core, Allwinner A23 CPU, Dual Cameras, 5 Point Capacitive Touch Screen, 16GB Storage,White Color",
B00JIF2SXA,0,Shamo's New 10.1 Inch Dual Core Google Android 4.2 Tablet Pc 8gb 10 Inch 1gb RAM Hdmi Bluetooth,
B00JK6PHNA,0,"GMS Google-certified Condroid ® polaris_Condroid X7 7"" Tablet PC Google Android 4.2 (Jelly Bean) Dual Core 1.5GHZ Capacitive Multi-Touch LCD Screen Dual Camera 512MB DDR 8GB NAND Flash- Color",White
B00JK7VO9A,0,Google GMS Certificated Condroid® X7 7 Inch Tablet Computer Capacitive Multi-touch LCD Screen Dual Core 1.4GHz 8GB Google Android 4.2 System (Black),
B00JLZFM6C,0,Condroid®polaris Condroid X7 Tablet PC Computer Google GMS Certificated Dual Core 1.5 GHz Google Android 4.2 System (Jelly Bean) 512M RAM 8GB ROM Capacitive Multi-touch LCD Screen (Black),
B00JLZI96C,0,Condroid® polaris_Condroid X7 Tablet PC 7 Inch Allwinner A23 Dual Core 1.5GHZ Tablet Computer Google Android 4.2 System (Jelly Bean) Google GMS Certificated Google Play Store Download Free 512MB RAM 8GB Rom Dual Camera ?White?,
B00JMRI5SG,0,Shamo's New 10.1 Inch Google Android 4.2 Jeally Bean Tablet Pc Bluetooth 8gb ROM Dual Core 10 Inch 1gb RAM Hdmi Two Cameras Dual Core Supports Micro Sd Memory Card White Bluetooth FREE SHIPPING,
B00JR29L0W,0,"2014 NEW iRulu 9.7"" MTK8389 Quad Core Cotex A7 @ 1.2GHz Android Tablet PC 1024x768 HD Touch Screen, 1G DDR3 RAM 4.2.2 Jelly Bean OS, Dual Camera, WIFI+3G, GPS, Blutooth, 8GB Storage",
B00JRDK9PW,0,"Nokia Lumia 2520 Quad Core Ultra Thin 0.35-in Full HD 1920x1080 4G LTE Tablet, Red (Verizon Wireless No Contract) 2GB 32GB",
B00JRI0GG4,0,Shamo's New 10.1 Inch Tablet Pc Dual Core Google Android 4.2 8gb 10 Inch 1gb RAM Hdmi,
B00JRSI31O,0,Condroid® polaris_Condroid X7 Tablet PC 7 Inch Allwinner A23 Dual Core 1.5GHZ Tablet Computer Google Android 4.2 System (Jelly Bean) Google GMS Certificated Google Play Store Download Free 512MB RAM 8GB Rom Dual Camera ?White?,
B00JSBLGVO,0,"SVP® 7 Inch Dual Core Android 4.2.2 4GB Phone Tablet PC , Dual Sim Card , Dual Camera , HD Display , Black Color , Capacitive 5 Point Multi-Touch Screen , Support 3D Game , 3G Dongle , Wi-Fi , HDMI , E-Book , Features Google Play Store, Skype, YouTube and G-Sensor , Phablet (By SVP) (Black-Case)",
B00JSOXGLO,0,Newsmy M7 Quad-Core 7-Inch Tablet PC Android 4.1 Capacitive Screen Cortex A9 1.2GHz 1G RAM 8GB Memory Camera,
B00JXW1GA4,0,"SVP 10"" Quad Core Android 4.2.2 Tablet PC with 16GB Card , Dual Camera , HD Display , Black Color , Capacitive 5 Point Multi-Touch Screen , Support 3D Game , 3G Dongle , HDMI , Wi-Fi , E-Book , Features Google Play Store, Skype, YouTube and G-Sensor ( By SVP )",
B00JZMAR7A,0,"Higooda 9.7"" Retina IPS Screen Android 4.3 AML-M802 Quad-core 16GB Tablet w/ WiFi HDMI RAM 2GB - White(front)+ Silvery(back)",
B00JZME7V2,0,"Higooda 9.7"" Retina IPS Screen Android 4.3 AML-M802 Quad-core 32GB Tablet w/ WiFi HDMI - White(front)+ Silvery(back)",
B00K5M8X7U,0,"7'' Dual Core 2H-2 Google Android 4.2 Tablet PC, Dual Camera, HD 800x480, Google Play Pre-load, 3D Game Supported (enhanced version of A13) [By TabletExpress] (2.Pink)",
B00K5TJBME,0,"Lutema MobileOne 7"" Dual Camera Android Tablet PC - Black",
B00K5TZVW8,0,"Lutema MobileOne 7"" Android Tablet PC - Blue",
B00K74R10Q,0,"Alldaymall® Google Android 4.4 KITKAT - 10.1'' Inch Quad Core Tablet PC MID (Allwinner A31S Quad Core CPU, 1GB RAM, 8GB HDD, Multi-Touch HD Screen, Dual Camera, HDMI)",
B00KC8V70W,0,"10.1'' Inch Rooted Android 4.4.2 kitkat 16GB Dual Core Tablet PC, Wifi, HDMI, Bluetooth [2014] (Black- Kitkat)",
B00KD4LX5Y,0,"E-passion 10.1 Inch Android Tablet Pc, 4.2 Jelly Bean Os, Dual Core, Allwinner A20 Cpu, Dual Cameras, 5 Point Capacitive Touch Screen, 8gb Storage, White Color",
B00KFO6WRQ,0,"Qplus 7"" Android 4.2 Tablet PC 4GB Jelly Bean Capacitive Cortex A9 Pink w/8GB TF Card",
B00KFRLOYY,0,"SquarePad 7i -- 7 inch Android Tablet PC, 4.2.2 Jelly Bean OS, Dual Core, Allwinner A23 CPU, Dual Cameras, 5 Point Capacitive Touch Screen, 8GB Storage, Black Color",
B00KGRSGMG,0,"Zeepad® 7DRK Dual Core 4.2 Yellow Android Tablet 7 Inch, Multi-Touch, Dual Camera, Wi-Fi (May 2014 YEL)",
B00KMKX6JK,0,"iRulu 9.7"" Android Tablet , WIFI+3G , 8GB White Tablet",
B00KNQFRZY,0,"2014 NEW iRulu 9 inch Android Tablet PC, 4.2.2 Jelly Bean OS, Dual Core, Allwinner A20 CPU, Dual Cameras, 5 Point Capacitive Touch Screen, 8GB Storage, Blue Color",
B00KOGRFW6,0,"2014 New iRulu 10.1 inch Android Tablet PC, 4.2 Jelly Bean OS, Dual Core,RK3028 CPU, Dual Cameras, 5 Point Capacitive Touch Screen, 1024*600, 8GB Storage, White Color** Get free 4G Micro SD Card as Gift for Father's Day**",
B00KR2V4II,0,"E-passion® 9.7"" Quad-core 4x1.2ghz Android Tablet Pc , 1024*768 Hd Touch Screen, 1gb Fastest Ram, 4.2.2 Jelly Bean Os, Dual Camera (5 Mega Pixel), Bluetooth, Wifi, Hdmi, Updated to 16gb",
B00KS2RIDW,0,"2014 New iRulu 10.1 inch Android Tablet PC, 4.2 Jelly Bean OS, Dual Core,RK3028 CPU, Dual Cameras, 5 Point Capacitive Touch Screen, 8GB Storage, Black Color** Get free 4G Micro SD Card as Gift for Father's Day**",
B00KT4EHBK,0,"E-passion Power Play 7"" Gaming Tablet - Button Mapping Tool, Quad Core Gpu, Dual Core 1.6ghz Cpu, Android 4.2, Capacitive Touchscreen, G-sensor, 8gb Hard Disk, Hdmi (Black)",
B00KTU2ILA,0,"2014 NEW iRulu 7 inch Android Tablet PC 3G Smartphone Phablet, 4.2 Jelly Bean OS, Dual Core, MTK6572 CORTEX-A7 CPU, Dual Cameras,Dual SIM Card Slots, Bluetooth 3.0, GPS, 5 Point Capacitive Touch Screen, 1024*600, 4GB Storage,Red",
B00KTZNJ2C,0,"TouchTab 7X21 Dual Core KitKat 4.4.2 Google Android Tablet PC, 7-inch, Wi-Fi, HDMI 1080p, Dual Camera (Black)",
